Employee_ID,Employee_F_Name,Employee_L_Name,Employee_Gender,Employee_DOB,Marital_Status,Hours_Worked_Last_Year,Hourly_Pay,Hours_Traind_Last_Year,Department Id,Job_Satisfaction,Job_Involvment,Preformance_Rating
1,Damian,Burrett,Male,7/20/1964,TRUE,1871,16.55,20,10,2,3,5
2,Pam,Klejna,Female,10/9/1982,TRUE,2075,15.15,10,10,1,1,1
3,Nert,Ruby,Female,6/10/1989,FALSE,1909,15.96,16,3,5,5,4
4,Gratia,Ismay,Non-binary,5/2/1988,FALSE,2195,21.61,25,10,2,3,3
5,Amos,Mordue,Male,7/19/1978,FALSE,2061,20.01,17,11,5,4,5
6,Lenci,Doll,Male,4/23/1995,TRUE,2029,15.94,6,9,2,5,5
7,Ximenes,Guppie,Male,1/27/1976,TRUE,1999,19.08,14,9,2,3,5
8,Hayes,Chiese,Male,7/7/1967,FALSE,1909,15.78,29,7,1,1,5
9,Clare,Kluge,Male,3/17/1996,TRUE,2074,16.62,4,8,3,3,1
10,Jemima,Ebbin,Female,12/17/1978,TRUE,1813,16.01,8,12,3,3,1
11,Dominick,Lansberry,Male,7/6/1963,FALSE,2109,20.04,4,4,2,1,4
12,Trixie,Elham,Female,6/19/1954,FALSE,1879,20.92,23,11,1,2,4
13,Aeriel,Mote,Female,6/4/1989,TRUE,1932,18.02,30,4,4,1,5
14,Bondy,Linturn,Male,4/22/2005,FALSE,1847,15.15,9,12,1,1,4
15,Sigrid,Rolfi,Agender,8/21/1995,FALSE,1876,19.41,30,8,3,5,5
16,Nikolaus,Sailes,Male,6/29/1995,TRUE,2083,18.18,0,4,1,5,4
17,Maren,Dougherty,Female,3/16/1977,FALSE,2164,16.67,3,6,5,3,3
18,Theda,Bart,Female,11/2/1981,FALSE,2052,16.62,26,9,2,4,2
19,Davida,Sheddan,Non-binary,5/29/1989,TRUE,2139,16.47,16,9,5,3,2
20,Lizbeth,Mundle,Female,1/25/1972,TRUE,2146,18.62,4,7,1,2,5
21,Mirna,Granleese,Female,6/1/1997,TRUE,2141,20.58,20,11,4,4,2
22,Margot,Volant,Female,1/14/1983,FALSE,2196,16.48,7,10,5,2,1
23,Rosetta,Sarney,Female,1/22/1989,TRUE,1850,15.5,29,3,5,2,5
24,Elfreda,Beedom,Female,1/4/1952,TRUE,2043,15.22,6,9,5,1,2
25,Dorthea,Schuelcke,Female,10/5/1984,TRUE,2076,20.97,11,5,1,4,3
26,Shawn,Connikie,Male,8/6/2007,TRUE,2116,18.77,5,8,2,3,3
27,Gwenore,Pearsall,Female,1/7/1962,TRUE,2044,17.76,19,6,2,5,2
28,Archambault,Macartney,Male,4/24/1988,TRUE,2137,20.85,7,9,2,3,4
29,Darleen,Luxford,Genderfluid,4/5/2004,TRUE,2032,20.29,15,2,3,5,2
30,Tawsha,Grigorian,Female,10/18/2005,FALSE,2109,18.3,27,12,4,1,1
31,Jillian,Brabben,Female,4/5/1956,TRUE,1945,15.49,20,7,5,3,1
32,Granger,Croose,Non-binary,1/31/1956,FALSE,2071,18.34,27,10,2,4,4
33,Kari,Stanmore,Female,10/11/2004,FALSE,1828,17.29,15,2,1,3,2
34,Maryrose,Darree,Female,4/6/1985,TRUE,2186,21.41,11,6,2,3,4
35,Spense,Howford,Male,10/17/1956,FALSE,2059,19.89,15,7,5,3,5
36,Kalinda,Moy,Female,7/20/1969,TRUE,1867,20.54,22,2,1,2,4
37,Wallas,Winwood,Male,1/30/1982,TRUE,1856,16.93,2,4,2,4,4
38,Gipsy,Pearsey,Female,4/20/1974,FALSE,1907,15.27,8,8,5,2,2
39,Flint,Mohring,Male,10/13/1967,FALSE,1948,15.71,2,6,4,3,2
40,Cami,Cretney,Female,8/8/2005,TRUE,2102,16.24,22,5,3,5,3
41,Conant,Sooper,Male,5/2/1993,FALSE,1860,16.75,12,3,2,1,5
42,Drusy,Scoone,Female,8/17/1989,FALSE,2107,18.98,2,8,3,5,4
43,Cyndia,M'Barron,Female,8/20/1994,TRUE,2012,21.24,1,10,2,4,1
44,Mona,Drysdall,Bigender,9/23/1975,TRUE,1905,16.68,7,8,3,4,4
45,Wilton,Sheal,Male,2/3/1992,FALSE,1818,21.53,30,6,3,3,2
46,Yule,Rathjen,Male,10/19/2005,FALSE,2171,17.73,14,5,3,1,5
47,Bondon,Bridell,Male,10/24/1957,TRUE,2112,17.76,17,12,1,5,4
48,Donalt,Dabbes,Male,8/11/2004,FALSE,1871,18.97,19,8,2,3,3
49,Sheppard,Antalffy,Male,6/10/2003,FALSE,1960,17.58,12,3,4,1,1
50,Ced,Standish-Brooks,Male,12/18/1956,TRUE,2093,19.15,6,11,4,3,5
51,Axel,Franzini,Male,8/27/1958,FALSE,2017,20.83,22,11,3,1,1
52,Sallie,Ruane,Female,1/1/1994,FALSE,1986,18.26,8,6,1,4,1
53,Shell,Langeley,Male,1/3/1984,FALSE,1970,19.52,28,3,5,3,3
54,Bern,Orto,Non-binary,1/16/1956,FALSE,2136,16.02,12,7,2,4,5
55,Osborn,Troughton,Male,11/5/1965,FALSE,1873,17.92,30,3,4,2,5
56,Trever,Debell,Male,5/17/1954,FALSE,1852,17.94,10,11,2,5,5
57,Goldina,Creavan,Female,8/16/2001,FALSE,2006,19.7,4,3,4,2,2
58,Alina,Mc Curlye,Female,6/25/1954,TRUE,2181,18.74,13,12,4,4,2
59,Skelly,Colly,Male,3/26/1980,FALSE,2169,15.59,9,3,4,1,1
60,Morrie,Hasted,Male,11/7/1970,FALSE,2167,21.88,17,10,3,4,5
61,Kirbee,Everley,Female,12/4/2001,FALSE,1992,21.58,25,2,3,2,5
62,Nero,Biggen,Male,1/8/1953,FALSE,1811,15.38,16,8,5,1,5
63,Colman,Vasyanin,Male,3/3/1991,FALSE,2179,21.94,12,7,4,1,5
64,Reggi,Filipic,Female,6/18/1992,FALSE,2191,17.95,26,5,4,2,2
65,Berke,Mepham,Bigender,3/11/1992,TRUE,1810,19,20,8,5,5,3
66,Kenny,Shann,Male,6/24/1989,FALSE,2164,15.3,11,4,4,3,4
67,Lorraine,Duligall,Female,2/21/1979,FALSE,1893,18.73,26,7,1,2,1
68,Daniel,Phetteplace,Male,8/22/1969,TRUE,2080,20.46,10,12,5,1,4
69,Artemas,Suston,Male,1/4/1961,TRUE,2168,20.13,24,12,3,1,4
70,Nilson,Fendlen,Male,11/18/1992,TRUE,2122,15.49,1,4,4,2,2
71,Celinda,Oliver-Paull,Female,5/29/1982,FALSE,1932,15.52,10,8,2,3,5
72,Gustavo,Quinevan,Male,12/17/2001,FALSE,2099,18.34,21,8,2,3,4
73,Myra,Gillibrand,Female,1/19/1954,FALSE,2009,19.66,19,10,1,2,4
74,Anatollo,Bolens,Male,3/1/1990,FALSE,1983,17.63,6,2,1,4,3
75,Laurie,Farncombe,Male,10/29/2004,FALSE,1930,18.2,4,11,1,3,4
76,Bibbye,Broggio,Female,10/29/1954,TRUE,2086,19.9,25,4,4,4,5
77,Werner,Lindl,Male,10/23/1975,TRUE,1922,16.87,26,2,4,5,3
78,Regen,Huddlestone,Male,1/20/1953,TRUE,2176,18.98,11,7,5,3,5
79,Allx,Bullin,Female,3/1/1986,TRUE,2173,20.17,26,3,4,2,4
80,Job,Scorthorne,Male,6/13/1978,TRUE,1945,17.67,24,8,4,4,5
81,Ricardo,Humble,Male,10/3/1980,FALSE,1858,18.86,12,12,4,4,4
82,Quintana,Dunphy,Female,3/8/1995,FALSE,2048,20.59,12,7,2,4,5
83,Gunar,Longden,Male,9/24/1991,TRUE,1816,19.23,11,10,5,5,1
84,Elias,Labrum,Male,11/14/2005,TRUE,1954,15.27,0,2,5,1,3
85,Elsie,Bromage,Female,7/23/1991,TRUE,1869,20.87,19,5,2,5,1
86,Trista,Josipovitz,Female,10/18/1963,FALSE,2037,17.67,24,8,5,5,4
87,Camilla,Kohler,Female,8/25/1963,TRUE,1866,17.99,19,4,1,4,2
88,Scott,Hallows,Male,2/9/1987,TRUE,2083,20.22,17,7,3,4,1
89,Ezri,Kiff,Male,7/1/1983,TRUE,1831,19.65,5,10,3,4,2
90,Judie,Roset,Female,11/22/1974,FALSE,1818,17.88,12,11,2,1,3
91,Pammy,Lambswood,Female,3/20/1987,TRUE,1859,15.17,13,6,3,4,5
92,Justinian,Arthey,Male,10/23/1998,TRUE,2086,21.61,1,9,4,1,3
93,Clark,Asling,Male,9/5/1969,FALSE,1926,18.25,17,10,5,1,2
94,Jeffrey,Lupton,Male,5/28/1980,FALSE,2181,15.47,3,4,5,1,5
95,Allayne,Erdes,Male,11/28/1984,TRUE,1969,17.66,29,11,2,2,1
96,Durward,Ranking,Genderfluid,5/19/2004,FALSE,2109,19.7,17,7,5,3,1
97,Goldina,Gilardengo,Female,2/6/1959,TRUE,1811,16.76,26,4,4,1,5
98,Conway,Stearnes,Male,8/23/2001,FALSE,2023,20.25,24,11,2,2,2
99,Vally,Ferneyhough,Female,11/15/1955,FALSE,1814,21.71,10,10,1,1,2
100,Dexter,O'Crotty,Male,4/29/1959,FALSE,2085,20.51,3,12,1,4,1
101,Felic,Palister,Male,9/5/1983,FALSE,1898,16.26,28,7,4,1,5
102,Melly,Trewhitt,Female,10/6/2000,FALSE,2174,21.66,17,12,3,3,4
103,Barby,Deards,Female,4/16/1970,FALSE,2027,20.6,4,11,3,1,1
104,Stesha,Duguid,Female,1/19/1969,TRUE,2128,17.09,25,6,2,3,5
105,Susann,Riddlesden,Female,10/28/1977,TRUE,1874,16.58,29,7,1,2,2
106,Wheeler,Sivill,Male,10/21/1973,FALSE,1967,18.05,10,12,2,5,2
107,Brynna,Meckiff,Female,3/15/2000,TRUE,1837,20.74,14,2,4,3,2
108,Anett,Jasik,Female,11/8/2000,TRUE,2030,16.01,5,7,5,5,4
109,Zola,Hargrove,Female,10/26/1984,TRUE,1860,17.51,9,3,5,3,4
110,Florette,Doveston,Female,9/21/1962,TRUE,1886,19.64,3,2,1,2,3
111,Cynthy,Deporte,Female,5/25/1983,FALSE,1906,19.16,10,6,5,5,5
112,Audrye,Jones,Non-binary,8/3/2001,FALSE,2097,19.97,25,7,2,5,5
113,Herbert,Ship,Male,7/31/1984,FALSE,1805,17.78,15,6,5,1,5
114,Jillane,Arkwright,Female,3/28/1961,TRUE,1902,18.91,25,6,3,3,4
115,Barnabas,O'Doghesty,Male,9/21/1993,TRUE,1995,21.18,27,12,5,5,4
116,Stinky,Shotbolt,Male,1/25/1993,TRUE,2097,16.7,5,5,2,2,4
117,Rosabella,Beazleigh,Female,12/3/1962,FALSE,1953,21.81,8,11,2,3,4
118,Alejandra,Kelledy,Genderqueer,1/4/1984,TRUE,1801,15.77,12,2,5,3,3
119,Irene,Mahoney,Agender,4/21/1967,TRUE,1948,17.84,22,12,5,4,5
120,Esma,De Francisci,Female,2/5/2004,FALSE,2141,21.44,28,4,2,5,5
